Fecha,Flujo / pantalla,Decisión,Razón,Estado
_(ejemplo)_ 2026-07-29,Confirmación: eliminar regla cognitiva,"Título afirmativo sin pregunta: ""Estás a punto de eliminar '{nombre}'""","Evitar fricción de duda; el título nunca pregunta, solo constata",Vigente
2026-07-31,"Onboarding inicial (Admin, sin documentos cargados)","Título: ""Carga los primeros documentos"". Cuerpo: ""Simon necesita los documentos de tu organización para empezar a estructurar y razonar sobre ellos. Como administrador, tú decides qué información entra a este espacio de conocimiento."" CTA: ""Cargar documentos"". Helper: ""Puedes agregar más documentos en cualquier momento.""","Orientación funcional en vez de bienvenida efusiva (patrón de onboarding). Se nombra ""Simon"" (el sistema), no el módulo (""CORE""), para que el flujo se pueda reutilizar en otros módulos sin reescribir el copy. El helper aclara que la carga inicial no es un paso único ni irreversible",Vigente
2026-08-06,"Campana de notificaciones — estados de ingesta de documento (Admin, Simon Core)","Estados (`NotificationItem`): Éxito → ""Documento '{nombre.ext}' indexado correctamente."" (sin CTA). Error al subir → ""Documento '{nombre.ext}' no se pudo subir."" + CTA ""Reintentar"". Error al indexar (subido pero falla el procesamiento) → ""Documento '{nombre.ext}' se subió, pero no se pudo indexar."" + CTA ""Reintentar"". En proceso (opcional) → ""Documento '{nombre.ext}' en proceso de indexación."" Timestamp relativo aparte del texto: <1 min ""Hace instantes"", 1–59 min ""Hace {n} min"", 1–23 h ""Hace {n} h"", 1 día ""Ayer"", 2–6 días ""Hace {n} días"", 7+ días fecha absoluta.","El tipo de archivo se resuelve mostrando la extensión dentro del nombre (no un campo/tag aparte) para mantener una sola idea por notificación. El backend distingue ""falla al subir"" de ""falla al indexar"" como eventos separados, por eso son dos estados de error distintos, cada uno con su propio reintento. Pretérito siempre (nunca presente), porque el texto se lee como registro persistente, no como toast efímero",Vigente
2026-08-18,Herramienta de prueba de recuperación — sección Carga de documentos (Admin/Comité de gobernanza),"Nombre: ""Comparador de recuperación"". Eyebrow/hint: ""RAG vs GraphRAG"". Reemplaza el nombre genérico ""Chat de prueba""","Es una herramienta técnica interna, no una feature de usuario final, así que los términos RAG/GraphRAG son aceptables. Se separa el nombre (qué hace: comparar métodos de recuperación) del método (cómo lo hace) siguiendo el patrón de eyebrow del design system, en vez de mezclar ambos en un solo título",Vigente
2026-08-18,Entrada a reportería conversacional — Panel gerencial (Comité de gobernanza),"Nombre: ""Generar reporte"". Reemplaza ""Consultar a SIMON""","Nombra el artefacto que produce el botón (reporte descargable con fuentes), no la interacción con Simon. El ícono/branding del componente ya deja claro que Simon lo genera, así que el nombre puede enfocarse en el resultado en vez de repetir ""Simon""",Vigente
2026-08-26,Tabla: estado sin filas (tres familias),"Tres casos con copy distinto. **Vacío inicial**: cuerpo que explica qué se gana + CTA primario (""Todavía no hay documentos indexados. Simon solo responde sobre lo que está indexado. Sube el primer documento y queda disponible para consultas con su fuente citada."" → Subir documento). **Búsqueda sin resultados**: término entre comillas angulares + cómo corregir + CTA de recuperación (""Ningún documento coincide con «hola». Revisa la escritura o prueba con menos palabras."" → Limpiar búsqueda). **Filtro sin resultados**: SIN cuerpo + CTA con el conteo (""Ningún documento con error."" → Ver los 10 documentos)","Un filtro que devuelve cero no es un vacío, es una respuesta válida: cero documentos con error es buena noticia. Aplicarle el patrón de vacío promete resolver algo que no existe, y una línea de relleno miente. El conteo en el CTA dice qué se recupera al salir del filtro. El icono nombra lo que falta o lo que se filtra, no la acción",Vigente
2026-08-26,Transversal: nombre del sistema en interfaz,"Se escribe ""Simon"", no ""SIMON"". Las mayúsculas se reservan para los módulos: THINK, CORE, CUSTOM, LIGHT",Confirma y extiende la decisión del 2026-07-31. El prototipo `OE1_Simon_Core.html` escribe SIMON en mayúsculas en toda la interfaz y queda desalineado con este registro; gana el registro. Queda como deuda de contenido en el prototipo,Vigente
2026-08-26,Tabla: acción de recuperación de un proceso fallido,"El CTA ""Reintentar"" vive dentro de la celda que muestra el error, junto al Badge de estado — no en la columna ACCIONES","Reintentar pertenece al estado que falló, no a la fila. Es la única excepción a la regla de que toda acción va en la última columna. Encenderlo solo cuando el proceso se puede reanudar de verdad: un ""Reintentar"" que no reintenta es peor que no ofrecerlo",Vigente
2026-08-26,Botones: de qué lado va el icono,"IZQUIERDA cuando ancla la acción (buscar, agregar, editar, eliminar, filtrar). DERECHA cuando indica dirección o salida (continuar, descargar, subir, abrir en otra plataforma). Un chevron-down siempre a la derecha","La prueba: si el icono responde QUÉ hago va a la izquierda; si responde HACIA DÓNDE va, a la derecha. Cuando el CTA recupera un conjunto, el icono nombra el OBJETO y no el verbo: ""Ver los 10 documentos"" lleva un icono de documento, no un ojo — el ojo se reserva para ver un elemento concreto",Vigente
